split,image,issue
train,001458_jpg.rf.520d950e0ab8f5490d74504084fd0bad.jpg,empty_label
train,1-15_jpg.rf.3e7bb03535933dfefbfc1ece96a29437.jpg,empty_label
train,15646362015_1826489702_jpg.rf.84e194e6d845182598b9a96c684646f6.jpg,empty_label
train,1S5A5135-scaled_jpg.rf.71cbf6c5da1a468d4bcd5c5af163248c.jpg,empty_label
train,6-178-_jpg.rf.c6b59b8f2c71ecd592e738ee2fd4b871.jpg,empty_label
train,9iv391_jpg.rf.a784fe3b0607751411ea0d975a6407d4.jpg,empty_label
train,d13698c8065312970599d1bdd2bacaf38ace5d5a_xxl-1_jpg.rf.35a67f1b6c2ab87aea015d67702e9032.jpg,empty_label
train,maxime-RszePYskX8c-unsplash_jpg.rf.8aea7df619bc2a537202cb5281144fc2.jpg,empty_label
train,pexels-ali-tahheryy-5911737_jpg.rf.8c5df0a775b4ff64b96b843db3970775.jpg,empty_label
train,pexels-anish-rana-7418011_jpg.rf.46e5777f168ebd0d5e4da4c0e88be8f6.jpg,empty_label
train,pexels-kamil-rybarski-5301863_jpg.rf.2efb5988ffa9ee9e2f62b5dec6286e89.jpg,empty_label
train,pexels-tnarg-1482415_jpg.rf.e35c4f51528027b4af46b9e9e5ebf770.jpg,empty_label
train,PN2338-01-scaled_jpeg.rf.fb47219f287212104dea196add5d5818.jpg,empty_label
train,PN2930-Thumb-350x490_jpg.rf.17503cb00d8aa2d0c98a93ae9f017602.jpg,empty_label
train,SH16_jpeg.rf.657235c89de552bd6ea1166db9b5e3aa.jpg,empty_label
train,SH34_jpeg.rf.4fe17113605f7f76ff3712f2f044c5ec.jpg,empty_label
train,Shorts-121-_jpg.rf.6ac2c5a98128356402cba1cc1d59a215.jpg,empty_label
train,Shorts-127-_jpg.rf.af5c18d24825d426361684172ef1a89f.jpg,empty_label
train,Shorts-144-_jpg.rf.783578c2894779fabfaaf7f827a4a7f2.jpg,empty_label
train,Shorts-54-_jpg.rf.79341414922d0773e51e67bddd2340a8.jpg,empty_label
train,Shorts-60-_jpg.rf.a066f369316044f1e89faf050b19102b.jpg,empty_label
train,sleeveless-shirt15_jpg.rf.bbf5de3160fc9f7eb51ca9a1831e19e6.jpg,empty_label
train,sleeveless-shirt45_jpg.rf.8b3951bdadddb04d6133d078ee4bba04.jpg,empty_label
train,sleeveless-shirt63_jpg.rf.34a5d7034aae43d8743c754761c3414f.jpg,empty_label
train,victor-he-lf1ivjbtF2Q-unsplash_jpg.rf.a531501ebd9bdc7f3bc9ea6a96ecb434.jpg,empty_label
valid,001453_jpg.rf.da69466d40abcec60f9a9cffab77da44.jpg,empty_label
valid,001455_jpg.rf.602c879bec668267f3847247b2b6f538.jpg,empty_label
valid,001456_jpg.rf.28e2f205bbbbe1e002e018d30c6123fa.jpg,empty_label
valid,001457_jpg.rf.3764d9fedbaab4717e2b63fe022deb1d.jpg,empty_label
valid,001459_jpg.rf.fb8a44cf7f9c527a31c1e8d40b380d8e.jpg,empty_label
valid,002928_jpg.rf.fb3e14ea540062a18275bffcdf741b92.jpg,empty_label
valid,002929_jpg.rf.3e73f448fc627c4517892bb6e5421556.jpg,empty_label
valid,002931_jpg.rf.ae523475d1e0f341c9fe2911f32a56ae.jpg,empty_label
valid,002934_jpg.rf.334a5c900c56df7bf1fa01b88df9656f.jpg,empty_label
valid,002935_jpg.rf.e9fb31abffb153aa62eebee08f8c9799.jpg,empty_label
valid,0QJaTa-sxjo_jpg.rf.e7cf95b9a179319b85d21fcb6b5ad8ab.jpg,empty_label
valid,1532073835-ec62ce59c1be461b03c784657d132f8d_jpg.rf.ac35c1d76f0472c7714d3c4dd866cfde.jpg,empty_label
valid,5poO-FX4oSM_jpg.rf.2897628d5536676cd8a19bafcef65f71.jpg,empty_label
valid,9c8e0d4ca0dbf016a9d66d5634cb0727_jpg.rf.75855f46b094285854afb753aedb9bbe.jpg,empty_label
valid,djmsyk_jpg.rf.92ed8c73bbcdbca89bf840db55c694e5.jpg,empty_label
valid,mohan-tops-womens-tor-string-half-sl_jpg.rf.9178ea7c307098f671d00c521da8d39b.jpg,empty_label
valid,pexels-matheus-henrin-5716981_jpg.rf.350807324d712e7d1a4cfbd573f4c8ec.jpg,empty_label
valid,sleeveless-shirt52_jpg.rf.4f6b561cb20be19faab7207edeb27a0d.jpg,empty_label
valid,uniqtee-2558-5421302-2_1024x1024_jpg.rf.161e320583bdb87a1b94224061fd7162.jpg,empty_label
valid,victor-he-UXdDfd9ma-E-unsplash_jpg.rf.5118acfa5f66cdd2712078760aa74542.jpg,empty_label
test,3_png.rf.aa2f33c2c0aea07b969530823dc3e648.jpg,empty_label
test,SH12_jpeg.rf.2e64fee3a1636f8d69bd1fafd6ca06fd.jpg,empty_label
test,SH2_jpeg.rf.0e1cbd1076c4c8859322708cb0744093.jpg,empty_label
test,Shorts-158-_jpg.rf.2ae52fcb984036c8f068ee6674edcf2c.jpg,empty_label
test,Shorts-4-_jpg.rf.7531abe575ed8212f850fb65f031331c.jpg,empty_label
test,Shorts-78-_jpg.rf.9011283331486e07a16ff8f60b032d7d.jpg,empty_label
